rationals;0.2;1.45;1
linear_a;0.2;1.2;1
polynomial;0.2;0.8666666666666667;1
power1;0.2;0.75;1
cardiac_function_curve;1.0;2.0869565217391304;0
species-area_curve;1.0;2.0869565217391304;0
rational_function;0.7;1.7303030303030302;0
calibration_curve;0.6;1.6869565217391305;0
quantity;0.6;1.6392156862745098;0
real_number;0.6;1.6392156862745098;0
monotonic;0.6;1.637037037037037;0
elliptic_curve;0.6;1.6151515151515152;0
elliptic_function;0.6;1.6151515151515152;0
